groupName,email,phone,guests
Familia Romero Silva,familia.romero.silva@example.com,+34 611 240 018,4
Cano Rivas,cano.rivas@example.com,+34 633 725 441,2
Ana Martin,ana.martin@example.com,+34 622 518 304,1
Familia Dominguez,familia.dominguez@example.com,+34 644 903 117,4
Amigos Universidad,amigos.universidad@example.com,+34 632 419 765,5
Trabajo Francisco,trabajo.francisco@example.com,+34 609 381 752,3
Familia Navarro Moya,familia.navarro.moya@example.com,+34 677 309 884,4
Vecinos Corrales,vecinos.corrales@example.com,+34 656 927 804,3
Marta Rojas,marta.rojas@example.com,+34 698 245 903,1
