groupName,name,lastname,allergies,otherAllergies,comments,outboundBus,returnBus,menu,table,seat
Familia Romero Silva,Javier,Romero Silva,,,,18:00,3:00,Carne,Mesa rectangular completa,1
Familia Romero Silva,Marta,Lopez Carmona,Lactosa,,Leche sin lactosa tambien en el cafe,18:00,3:00,Pescado,Mesa rectangular completa,2
Familia Romero Silva,Claudia,Romero Lopez,Frutos secos,,Alergia severa a nueces y almendras,18:00,3:00,Carne,Mesa rectangular completa,3
Familia Romero Silva,Nicolas,Romero Lopez,,Fresa,Otra alergia no listada: fresa,18:00,3:00,Pescado,Mesa rectangular completa,4
Cano Rivas,Luis,Cano Morales,,,,18:20,6:00,Carne,Mesa rectangular pendiente,1
Cano Rivas,Beatriz,Rivas Nunez,Gluten,,Menu celiaco por favor,18:20,6:00,Pescado,Mesa rectangular pendiente,2
Ana Martin,Ana,Martin Prieto,Vegetariano,,,,No,Carne,,
Familia Dominguez,Rafael,Dominguez Ferrer,,,Iremos en coche a la ida, pero volvemos en bus,No,6:00,Carne,Mesa rectangular pendiente,3
Familia Dominguez,Teresa,Ferrer Marin,,,,No,6:00,Pescado,Mesa rectangular pendiente,4
Familia Dominguez,Marina,Dominguez Ferrer,Huevo,,Necesita trona si hay disponible,No,6:00,Carne,,
Familia Dominguez,Ines,Dominguez Ferrer,,,Menu infantil sin tomate,No,No,Pescado,,
Amigos Universidad,David,Munoz Aguilar,,,,18:00,3:00,Carne,Mesa redonda completa,1
Amigos Universidad,Sofia,Delgado Pino,Gluten, Lactosa,,,18:00,3:00,Pescado,Mesa redonda completa,2
Amigos Universidad,Raul,Nieto Campos,,,Se queda hasta el final,18:00,6:00,Carne,Mesa redonda completa,3
Amigos Universidad,Cristina,Arias Soler,,Kiwi,Otra alergia no listada: kiwi,18:20,3:00,Pescado,Mesa redonda completa,4
Amigos Universidad,Elena,Santos Vega,Soja,,Prefiere estar lejos de altavoces,18:20,,Carne,Mesa redonda completa,5
Trabajo Francisco,Victor,Prieto Campos,,,,18:00,6:00,Carne,Mesa redonda completa,6
Trabajo Francisco,Natalia,Herrera Gil,Vegetariano, Soja,,,18:00,6:00,Pescado,Mesa redonda completa,7
Trabajo Francisco,Oscar,Fuentes Lara,,,Sale desde otro punto,No,No,Carne,Mesa redonda completa,8
Familia Navarro Moya,Elena,Navarro Moya,,,,18:00,6:00,Pescado,Mesa redonda pendiente,1
Familia Navarro Moya,Sergio,Sanchez Paredes,,,,18:00,6:00,Carne,Mesa redonda pendiente,2
Familia Navarro Moya,Julia,Sanchez Navarro,Lactosa, Huevo,,,18:00,6:00,Pescado,Mesa redonda pendiente,3
Familia Navarro Moya,Diego,Sanchez Navarro,,,Vuelve con los abuelos,18:00,3:00,Carne,Mesa redonda pendiente,4
Vecinos Corrales,Rosa,Calderon Luna,,,,No,No,Pescado,Mesa redonda pendiente,5
Vecinos Corrales,Antonio,Luna Cabrera,Marisco, Frutos secos,,Alergias importantes,No,No,Carne,Mesa redonda pendiente,6
Vecinos Corrales,Belen,Cabrera Rios,,,Se apunta al bus a ultima hora,18:20,3:00,Pescado,Mesa redonda pendiente,7
Marta Rojas,Marta,Rojas Iglesias,,,Embarazada de 6 meses,18:20,No,Carne,,
